class,tests,failures,errors,skipped,seconds
com.guillermomolina.protos.execution.ProtosTestToolTool012TomlOfficialProgressGroupingTest,5,0,0,0,19.216
com.guillermomolina.protos.execution.ProtosPackageToolExecutionPlanInvalidIdentityGraphTest,1,0,0,0,10.093
com.guillermomolina.protos.execution.ProtosRegexSemanticTransferTest,8,0,0,0,9.486
com.guillermomolina.protos.cli.ProtosTestToolCaseRejectionPublicIntegrationTest,5,0,0,0,8.916
com.guillermomolina.protos.execution.ProtosPackageRunDriverMixedApplicationTest,3,0,0,0,7.322
com.guillermomolina.protos.execution.ProtosTestToolTool011ProgressGroupingTest,10,0,0,0,6.464
com.guillermomolina.protos.execution.ProtosPackageToolExecutionPlanCaptureTest,3,0,0,0,5.347
com.guillermomolina.protos.execution.ProtosPackageRunDriverPlanningFailureCustodyTest,2,0,0,0,4.653
com.guillermomolina.protos.execution.ProtosWorkspacePackageAuthorityIsolationIntegrationTest,4,0,0,0,4.337
com.guillermomolina.protos.execution.ProtosPackageToolExecutionPlanInvalidGitAndEdgeGraphTest,1,0,0,0,4.105
com.guillermomolina.protos.execution.ProtosPackageRunDriverTest,3,0,0,0,3.796
com.guillermomolina.protos.execution.ProtosPackageRunDriverFailureCustodyTest,2,0,0,0,3.582
com.guillermomolina.protos.cli.ProtosTestToolCaseSelectionPublicIntegrationTest,3,0,0,0,3.538
com.guillermomolina.protos.cli.ProtosWorkspaceRunCliTest,7,0,0,0,3.356
com.guillermomolina.protos.cli.ProtosTestToolCaseExecutionPublicIntegrationTest,2,0,0,0,3.213
com.guillermomolina.protos.execution.ProtosPackageExecutionPlanAdapterTest,2,0,0,0,2.712
com.guillermomolina.protos.execution.ProtosPackageToolContentIdentityTest,7,0,0,0,2.291
com.guillermomolina.protos.cli.ProtosTestToolFileSelectionPublicIntegrationTest,1,0,0,0,2.123
com.guillermomolina.protos.execution.ProtosExternalPackagePlanningPreflightTest,2,0,0,0,1.936
com.guillermomolina.protos.execution.ProtosExactExternalRequirementsPreflightTest,6,0,0,0,1.814
com.guillermomolina.protos.cli.ProtosCliTest,19,0,0,0,1.812
com.guillermomolina.protos.execution.ProtosPackageToolManifestTest,5,0,0,0,1.081
com.guillermomolina.protos.conformance.ProtosFilesystemLibraryConformanceTest,12,0,0,0,1.056
com.guillermomolina.protos.execution.ProtosTestToolCaseSelectionTest,12,0,0,0,0.982
com.guillermomolina.protos.lexer.UnicodeNfc17ConformanceTest,1,0,0,0,0.914
com.guillermomolina.protos.execution.ProtosTestToolManifestPlanTest,18,0,0,0,0.833
com.guillermomolina.protos.execution.ProtosCommandLineSpecModuleTest,7,0,0,0,0.752
com.guillermomolina.protos.execution.ProtosWorkspacePackagePreflightTest,2,0,0,0,0.721
com.guillermomolina.protos.execution.ProtosTestToolSequentialRunnerTest,2,0,0,0,0.707
com.guillermomolina.protos.execution.ProtosLoggingFacilityTest,5,0,0,0,0.692
com.guillermomolina.protos.cli.ProtosLm009DPublicDebugCliTest,1,0,0,0,0.644
com.guillermomolina.protos.execution.ProtosExternalForeignProviderTest,6,0,0,0,0.571
com.guillermomolina.protos.execution.ProtosI026FDapBehaviorTest,1,0,0,0,0.569
com.guillermomolina.protos.execution.ProtosTestToolResourceAdmissionBindingTest,6,0,0,0,0.561
com.guillermomolina.protos.execution.ProtosFormatterToolBootstrapTest,18,0,0,0,0.551
com.guillermomolina.protos.execution.ProtosTestToolRepositoryCorpusPlansTest,3,0,0,0,0.527
com.guillermomolina.protos.execution.ProtosTomlParserPathRegressionTest,2,0,0,0,0.515
com.guillermomolina.protos.execution.ProtosTestToolExactBinary64Test,6,0,0,0,0.51
com.guillermomolina.protos.execution.ProtosTestToolSuiteGraphTest,14,0,0,0,0.484
com.guillermomolina.protos.cli.ProtosCliLearningMaterialsTest,51,0,0,0,0.467
com.guillermomolina.protos.execution.ProtosTestToolResourceCatalogSchemaTest,3,0,0,0,0.431
com.guillermomolina.protos.execution.ProtosTestToolResourceRequirementsSchemaTest,4,0,0,0,0.431
com.guillermomolina.protos.execution.ProtosPackageTestLogicalCaseExecutionFacilityTest,11,0,0,0,0.426
com.guillermomolina.protos.execution.ProtosTestToolFutureObservationPolicyFixtureSuiteTest,6,0,0,0,0.422
com.guillermomolina.protos.execution.ProtosTestToolResourceRequirementsDiscoveryTest,6,0,0,0,0.405
com.guillermomolina.protos.execution.ProtosPackageToolMetadataPersistenceTest,12,0,0,0,0.394
com.guillermomolina.protos.execution.ProtosTestToolResourceReservationKernelTest,6,0,0,0,0.378
com.guillermomolina.protos.execution.ProtosTestToolStalledCaseDiagnosticFacilityTest,5,0,0,0,0.367
com.guillermomolina.protos.execution.ProtosTestToolFutureStoredInspectionFixtureSuiteTest,20,0,0,0,0.365
com.guillermomolina.protos.documentation.ProtosStandardLibraryDocumentationExtractorTest,12,0,0,0,0.348
com.guillermomolina.protos.execution.ProtosTestToolFloatBitsParserTest,4,0,0,0,0.333
com.guillermomolina.protos.cli.ProtosReplTest,16,0,0,0,0.33
com.guillermomolina.protos.execution.ProtosTestToolFloatNanExpectationsTest,4,0,0,0,0.33
com.guillermomolina.protos.execution.ProtosAsyncExactExecutionFacilityTest,7,0,0,0,0.325
com.guillermomolina.protos.execution.ProtosTestToolFloatBitsExpectationsTest,4,0,0,0,0.316
com.guillermomolina.protos.execution.ProtosTomlParserFloatTemporalRegressionTest,3,0,0,0,0.315
com.guillermomolina.protos.execution.ProtosTestToolErrorParentExpectationsTest,4,0,0,0,0.313
com.guillermomolina.protos.execution.ProtosTestToolFileOptionTest,8,0,0,0,0.307
com.guillermomolina.protos.execution.ProtosPackageContentVerificationTest,3,0,0,0,0.303
com.guillermomolina.protos.execution.ProtosTestToolResourceCatalogCompositionTest,4,0,0,0,0.293
com.guillermomolina.protos.execution.ProtosTomlParserIntegerRegressionTest,1,0,0,0,0.293
com.guillermomolina.protos.execution.ProtosTestToolSimpleExpectationsTest,3,0,0,0,0.272
com.guillermomolina.protos.execution.ProtosTestLogicalCaseAttemptBridgeTest,6,0,0,0,0.246
com.guillermomolina.protos.execution.ProtosTestToolResourceRequirementsJoinTest,4,0,0,0,0.244
com.guillermomolina.protos.execution.ProtosStandardPolyglotEmbeddingTest,16,0,0,0,0.239
com.guillermomolina.protos.execution.ProtosTestToolClosureFreshExpectationsTest,3,0,0,0,0.236
com.guillermomolina.protos.execution.ProtosTestToolPerf017AdmissionTest,4,0,0,0,0.236
com.guillermomolina.protos.execution.ProtosTomlParserLexicalStringTriviaRegressionTest,3,0,0,0,0.233
com.guillermomolina.protos.cli.ProtosTestToolH2B3PublicIntegrationTest,4,0,0,0,0.227
com.guillermomolina.protos.execution.ProtosTomlParserNestedValueRegressionTest,2,0,0,0,0.217
com.guillermomolina.protos.execution.ProtosNioTcpConnectionWriteTest,3,0,0,0,0.216
com.guillermomolina.protos.execution.ProtosPolyglotExecutionContextTest,6,0,0,0,0.216
com.guillermomolina.protos.execution.ProtosTestToolTool004BProgressBoundaryTest,1,0,0,0,0.204
com.guillermomolina.protos.cli.ProtosLm009FLanguageServerCliTest,3,0,0,0,0.199
com.guillermomolina.protos.execution.ProtosTomlEncoderDeepContainerRegressionTest,2,0,0,0,0.183
com.guillermomolina.protos.execution.ProtosTomlParserFlatDocumentRegressionTest,1,0,0,0,0.183
com.guillermomolina.protos.execution.ProtosTestToolResourceCatalogOptionTest,7,0,0,0,0.181
com.guillermomolina.protos.execution.ProtosTomlParserLexicalKeyRegressionTest,2,0,0,0,0.177
com.guillermomolina.protos.cli.ProtosCli008C1GuestStackCliTest,4,0,0,0,0.174
com.guillermomolina.protos.execution.ProtosTestToolProjectTreePlanTest,4,0,0,0,0.165
com.guillermomolina.protos.execution.ProtosPerf025CallbackConsumerSpecializationTest,12,0,0,0,0.162
com.guillermomolina.protos.execution.ProtosPerf026D2AssociationEachInlineCallbackTest,13,0,0,0,0.155
com.guillermomolina.protos.cli.ProtosTestToolI8D5CPublicCutoverTest,4,0,0,0,0.15
com.guillermomolina.protos.execution.ProtosTestToolDiscoverySignatureTest,13,0,0,0,0.139
com.guillermomolina.protos.execution.ProtosI026FDapTransportTest,1,0,0,0,0.138
com.guillermomolina.protos.execution.ProtosTomlDataModelModuleTest,2,0,0,0,0.119
com.guillermomolina.protos.execution.ProtosActorTestLogicalCaseExecutionFacilityTest,5,0,0,0,0.118
com.guillermomolina.protos.execution.ProtosSealedFamilyFacilityTest,13,0,0,0,0.111
com.guillermomolina.protos.execution.ProtosTestToolI8D4C3RunnerRoundDrainTest,1,0,0,0,0.105
com.guillermomolina.protos.runtime.ProtosActorMailboxSchedulerTest,8,0,0,0,0.104
com.guillermomolina.protos.execution.ProtosTestToolPackageFailedExecutionTest,1,0,0,0,0.103
com.guillermomolina.protos.execution.ProtosPackageExecutionPlanV2AdapterTest,7,0,0,0,0.098
com.guillermomolina.protos.execution.ProtosRegexUnicodeFacilityTest,4,0,0,0,0.096
com.guillermomolina.protos.execution.ProtosTomlParserArrayOfTablesRegressionTest,1,0,0,0,0.095
com.guillermomolina.protos.execution.ProtosTestToolFutureTerminalMechanismTest,1,0,0,0,0.094
com.guillermomolina.protos.execution.ProtosTestToolI8CResourceRoundSchedulingTest,1,0,0,0,0.093
com.guillermomolina.protos.execution.ProtosProcessSnapshotLogicalCaseExecutionFacilityTest,8,0,0,0,0.092
com.guillermomolina.protos.documentation.ProtosSourceDocumentationTest,16,0,0,0,0.085
com.guillermomolina.protos.execution.ProtosTestToolFutureResolvedMechanismTest,1,0,0,0,0.084
com.guillermomolina.protos.execution.ProtosTestToolBug010ProgressTemporalVisibilityTest,1,0,0,0,0.083
com.guillermomolina.protos.execution.ProtosTestToolH2B2BoundedDCaseSchedulingTest,1,0,0,0,0.081
com.guillermomolina.protos.execution.ProtosCli008C1DiagnosticTraceTest,12,0,0,0,0.08
com.guillermomolina.protos.execution.ProtosTestToolH2B1BoundedSimpleSchedulingTest,1,0,0,0,0.077
com.guillermomolina.protos.execution.ProtosForeignValueAdmissionTest,4,0,0,0,0.076
com.guillermomolina.protos.execution.ProtosNioTcpConnectionLifecycleTest,3,0,0,0,0.076
com.guillermomolina.protos.execution.ProtosPerf026D1IndexedEachInlineCallbackTest,12,0,0,0,0.076
com.guillermomolina.protos.execution.ProtosTestToolTool004CProgressPresentationTest,1,0,0,0,0.075
com.guillermomolina.protos.execution.ProtosGroupTestLogicalCaseExecutionFacilityTest,5,0,0,0,0.073
com.guillermomolina.protos.execution.ProtosNioTcpConnectionReadTest,5,0,0,0,0.071
com.guillermomolina.protos.execution.ProtosPerf026D3EnvironmentEachInlineCallbackTest,11,0,0,0,0.071
com.guillermomolina.protos.execution.ProtosTestToolSourceLoaderTest,1,0,0,0,0.071
com.guillermomolina.protos.conformance.ProtosSystemResourceEndToEndConformanceTest,7,0,0,0,0.07
com.guillermomolina.protos.execution.ProtosNioTcpListenerBackendTest,4,0,0,0,0.07
com.guillermomolina.protos.execution.ProtosTestToolTool009ALifecycleReporterTest,2,0,0,0,0.07
com.guillermomolina.protos.execution.ProtosTestToolFutureStoredExpectationRecognitionTest,1,0,0,0,0.069
com.guillermomolina.protos.execution.ProtosTestToolPackageExecutionEnvironmentTest,1,0,0,0,0.069
com.guillermomolina.protos.runtime.ProtosActorTerminationTest,8,0,0,0,0.069
com.guillermomolina.protos.execution.ProtosForeignPullEachTest,12,0,0,0,0.068
com.guillermomolina.protos.execution.ProtosForeignInteropTest,9,0,0,0,0.067
com.guillermomolina.protos.execution.ProtosHostJavaProviderTest,10,0,0,0,0.067
com.guillermomolina.protos.execution.ProtosTestToolI8D5BTestRunOutcomeProjectionTest,1,0,0,0,0.067
com.guillermomolina.protos.execution.ProtosTestToolFileSelectionPlanTest,5,0,0,0,0.062
com.guillermomolina.protos.lexer.UnicodeXid17ConformanceTest,1,0,0,0,0.06
com.guillermomolina.protos.execution.ProtosForeignCallbackTest,12,0,0,0,0.059
com.guillermomolina.protos.cli.ProtosTestToolCorpusRegistryTest,2,0,0,0,0.056
com.guillermomolina.protos.execution.ProtosMapMatchProtocolTest,10,0,0,0,0.056
com.guillermomolina.protos.execution.ProtosPerf025VirtualReturnHomeTest,8,0,0,0,0.056
com.guillermomolina.protos.execution.ProtosForeignProviderEnforcementTest,11,0,0,0,0.054
com.guillermomolina.protos.execution.ProtosNioNetworkProvisioningTest,3,0,0,0,0.054
com.guillermomolina.protos.execution.ProtosStandardBufferedByteIoProtocolTest,14,0,0,0,0.054
com.guillermomolina.protos.execution.ProtosStandardFutureProtocolTest,10,0,0,0,0.054
com.guillermomolina.protos.execution.ProtosNetworkingFoundationFinalConformanceTest,1,0,0,0,0.052
com.guillermomolina.protos.execution.ProtosPerf025InlineCallbackPreparationTest,5,0,0,0,0.051
com.guillermomolina.protos.execution.ProtosPerf026B2BooleanInlineCallbackTest,10,0,0,0,0.049
com.guillermomolina.protos.execution.ProtosPerf025DirectSourceClosureCompactInvocationTest,7,0,0,0,0.048
com.guillermomolina.protos.execution.ProtosNativeGeneratedStructurePolicyTest,1,0,0,0,0.046
com.guillermomolina.protos.lsp.ProtosLanguageServerFormattingTest,7,0,0,0,0.046
com.guillermomolina.protos.execution.ProtosModuleRuntimeTest,9,0,0,0,0.045
com.guillermomolina.protos.execution.ProtosPerf025LazyInlineCallbackActivationTest,11,0,0,0,0.045
com.guillermomolina.protos.execution.ProtosPerf026B3BooleanInlineCallbackTest,10,0,0,0,0.045
com.guillermomolina.protos.execution.ProtosPerf026C1WhileInlineCallbackTest,10,0,0,0,0.045
com.guillermomolina.protos.execution.ProtosTestLogicalCaseExecutionFacilityTest,3,0,0,0,0.045
com.guillermomolina.protos.embedding.ProtosStandaloneHostedSessionEmbeddingTest,10,0,0,0,0.043
com.guillermomolina.protos.execution.ProtosPerf025CompactCalleeExecutionTest,11,0,0,0,0.043
com.guillermomolina.protos.execution.ProtosPerf025C1cSemanticSourceTopologyTest,5,0,0,0,0.042
com.guillermomolina.protos.execution.ProtosExactExecutionFacilityTest,8,0,0,0,0.041
com.guillermomolina.protos.execution.ProtosForeignValueProjectionTest,9,0,0,0,0.041
com.guillermomolina.protos.execution.ProtosNioNetworkBackendConnectTest,5,0,0,0,0.04
com.guillermomolina.protos.execution.ProtosPerf006B4ECancellationUnwindTest,6,0,0,0,0.04
com.guillermomolina.protos.execution.ProtosCollectionsSetMutationModuleTest,1,0,0,0,0.039
com.guillermomolina.protos.cli.ProtosTestToolI8D5AHostRegistryBootstrapTest,1,0,0,0,0.037
com.guillermomolina.protos.execution.ProtosTestToolFileSelectionFacilityTest,13,0,0,0,0.037
com.guillermomolina.protos.runtime.ProtosActorCrossDomainConformanceTest,4,0,0,0,0.037
com.guillermomolina.protos.execution.ProtosProcessIntegratedConformanceTest,6,0,0,0,0.036
com.guillermomolina.protos.execution.ProtosPackageExecutionPlanV2ModuleResolverTest,10,0,0,0,0.035
com.guillermomolina.protos.execution.ProtosPackagedCoreEmbeddingTest,5,0,0,0,0.035
com.guillermomolina.protos.execution.ProtosParallelExecutionTest,9,0,0,0,0.035
com.guillermomolina.protos.execution.ProtosPerf033CanonicalCallableInteropTest,8,0,0,0,0.035
com.guillermomolina.protos.execution.ProtosTestToolCatalogAcquisitionFacilityTest,7,0,0,0,0.035
com.guillermomolina.protos.execution.ProtosTestToolLib011OptionsAdoptionTest,2,0,0,0,0.035
com.guillermomolina.protos.execution.ProtosFreshProcessExecutorTest,11,0,0,0,0.034
com.guillermomolina.protos.execution.ProtosPerf006B3FClosureEvidenceTest,6,0,0,0,0.034
com.guillermomolina.protos.execution.ProtosPerf025H1IndexedParameterEstablishmentTest,8,0,0,0,0.033
com.guillermomolina.protos.execution.ProtosPerf025H1LazyRootActivationTest,11,0,0,0,0.033
com.guillermomolina.protos.runtime.ProtosActorValueTransferTest,15,0,0,0,0.033
com.guillermomolina.protos.conformance.ProtosFilesystemLanguageConformanceTest,7,0,0,0,0.032
com.guillermomolina.protos.execution.ProtosPerf026B1BooleanInlineCallbackTest,8,0,0,0,0.032
com.guillermomolina.protos.execution.ProtosTestToolLogicalCaseRunnerTest,3,0,0,0,0.032
com.guillermomolina.protos.execution.ProtosStandardByteIoPositioningProtocolTest,5,0,0,0,0.031
com.guillermomolina.protos.execution.ProtosStandardIpFamilyPlacementTest,5,0,0,0,0.03
com.guillermomolina.protos.execution.ProtosPerf006B4FStructuredWhileTest,8,0,0,0,0.029
com.guillermomolina.protos.execution.ProtosAud007DapPortOwnershipTest,3,0,0,0,0.028
com.guillermomolina.protos.execution.ProtosNioFilesystemTreeCaptureBackendTest,4,0,0,0,0.028
com.guillermomolina.protos.execution.ProtosCaseOfProtocolTest,11,0,0,0,0.027
com.guillermomolina.protos.execution.ProtosI072PhaseDPreparedCallSeparationTest,9,0,0,0,0.027
com.guillermomolina.protos.execution.ProtosPerf006B4DErrorHandlersTest,8,0,0,0,0.027
com.guillermomolina.protos.execution.ProtosPerf006Plat028MapRemoveCallbackTest,6,0,0,0,0.027
com.guillermomolina.protos.execution.ProtosStandaloneHostedSessionGateTest,4,0,0,0,0.027
com.guillermomolina.protos.runtime.ProtosActorRequestTest,8,0,0,0,0.027
com.guillermomolina.protos.runtime.ProtosIoLifecycleTest,12,0,0,0,0.027
com.guillermomolina.protos.embedding.ProtosStandaloneHostedExecutionEmbeddingTest,5,0,0,0,0.026
com.guillermomolina.protos.execution.ProtosPerf006B4GControlUnwindClosureTest,2,0,0,0,0.026
com.guillermomolina.protos.execution.ProtosPerf025LazyLexicalCaptureTest,9,0,0,0,0.026
com.guillermomolina.protos.execution.ProtosTextReaderLineProtocolTest,4,0,0,0,0.026
com.guillermomolina.protos.execution.ProtosCapturedProcessExecutionTest,3,0,0,0,0.025
com.guillermomolina.protos.execution.ProtosPerf006B4CStructuredEnsureTest,9,0,0,0,0.025
com.guillermomolina.protos.conformance.ProtosResourceLifetimeMaturityConformanceTest,5,0,0,0,0.024
com.guillermomolina.protos.execution.ProtosArrayMatchProtocolTest,9,0,0,0,0.024
com.guillermomolina.protos.execution.ProtosCommandLineArrayConstructionFacilityTest,6,0,0,0,0.024
com.guillermomolina.protos.execution.ProtosExternalPackageResourceScopeTest,13,0,0,0,0.024
com.guillermomolina.protos.execution.ProtosForeignModuleImportTest,10,0,0,0,0.024
com.guillermomolina.protos.execution.ProtosPerf006B6BFinalConformanceArchitectureTest,6,0,0,0,0.024
com.guillermomolina.protos.execution.ProtosPerf025MapPhysicalIndexTest,3,0,0,0,0.024
com.guillermomolina.protos.conformance.ProtosFilesystemMaturityConformanceTest,5,0,0,0,0.023
com.guillermomolina.protos.execution.ProtosCoreNativeBoundaryArchitectureTest,3,0,0,0,0.023
com.guillermomolina.protos.execution.ProtosNetworkingIpAddressesModuleTest,2,0,0,0,0.023
com.guillermomolina.protos.execution.ProtosPerf006B3EStandardFutureValueCPrimeTest,9,0,0,0,0.023
com.guillermomolina.protos.execution.ProtosPerf006Plat029TextWriterCallbackTest,5,0,0,0,0.023
com.guillermomolina.protos.execution.ProtosRootActorBootstrapAuthorityTest,6,0,0,0,0.023
com.guillermomolina.protos.execution.ProtosCommandLineResultModelTest,4,0,0,0,0.022
com.guillermomolina.protos.execution.ProtosJsonDataModelModuleTest,1,0,0,0,0.022
com.guillermomolina.protos.execution.ProtosNetworkAuthorityConfinementTest,4,0,0,0,0.022
com.guillermomolina.protos.execution.ProtosPerf006B6A6A1TaskOwnedClosureDispatchTest,5,0,0,0,0.022
com.guillermomolina.protos.execution.ProtosStandardStringProtocolTest,2,0,0,0,0.022
com.guillermomolina.protos.execution.ProtosTestLogicalCaseDiscoveryFacilityTest,1,0,0,0,0.022
com.guillermomolina.protos.execution.ProtosTestToolI8D4C1ResourcefulExecutionFacilityTest,2,0,0,0,0.022
com.guillermomolina.protos.runtime.ProtosActorPublicApiTest,9,0,0,0,0.022
com.guillermomolina.protos.runtime.ProtosActorSendOperationTest,8,0,0,0,0.022
com.guillermomolina.protos.execution.ProtosActorBootstrapTest,7,0,0,0,0.021
com.guillermomolina.protos.execution.ProtosCollectionsArrayAlgorithmsModuleTest,1,0,0,0,0.021
com.guillermomolina.protos.execution.ProtosCoreBootstrapTest,8,0,0,0,0.021
com.guillermomolina.protos.execution.ProtosI072PhaseEStructuredSendConvergenceTest,6,0,0,0,0.021
com.guillermomolina.protos.execution.ProtosPerf006B6A2MutatingCanonicalCoverageTest,5,0,0,0,0.021
com.guillermomolina.protos.execution.ProtosPerf006B6A3CObjectComposeCanonicalCoverageTest,4,0,0,0,0.021
com.guillermomolina.protos.execution.ProtosPerf006Plat028MapReadLookupCallbackTest,6,0,0,0,0.021
com.guillermomolina.protos.execution.ProtosProjectBindingPrerequisiteClosureTest,4,0,0,0,0.021
com.guillermomolina.protos.execution.ProtosSemanticTransferMaterializationTest,4,0,0,0,0.021
com.guillermomolina.protos.execution.ProtosStandardTextWriterProtocolTest,7,0,0,0,0.021
com.guillermomolina.protos.execution.ProtosTextIoFinalConformanceTest,5,0,0,0,0.021
com.guillermomolina.protos.execution.ProtosWorkspacePackageApplicationExecutionTest,4,0,0,0,0.021
com.guillermomolina.protos.lexer.ProtosLexerTest,77,0,0,0,0.021
com.guillermomolina.protos.conformance.ProtosFilesystemTreeIntegratedConformanceTest,4,0,0,0,0.02
com.guillermomolina.protos.execution.ProtosNetworkListenAcquisitionTest,8,0,0,0,0.02
com.guillermomolina.protos.execution.ProtosTestToolI8D4C2ResourcefulInspectionFacilityTest,2,0,0,0,0.02
com.guillermomolina.protos.cli.ProtosTestToolExecutionRequirementRegistryTest,3,0,0,0,0.019
com.guillermomolina.protos.execution.CanonicalMapConstructionExecutionTest,4,0,0,0,0.019
com.guillermomolina.protos.execution.ProtosPerf006B6A3ASuperSendCanonicalCoverageTest,4,0,0,0,0.019
com.guillermomolina.protos.execution.ProtosPerf025C1ObjectBodyInlineControlTest,6,0,0,0,0.019
com.guillermomolina.protos.execution.ProtosPerf028AResolvedCurrentLexicalWriteTest,16,0,0,0,0.019
com.guillermomolina.protos.execution.ProtosStandardProcessProtocolTest,8,0,0,0,0.019
com.guillermomolina.protos.execution.ProtosTcpConnectionDuplexLifecycleTest,5,0,0,0,0.019
com.guillermomolina.protos.execution.ProtosPerf006Plat028MapAtPutCallbackTest,5,0,0,0,0.018
com.guillermomolina.protos.execution.ProtosPerf027AGuardedIntegerDeferredActivationTest,6,0,0,0,0.018
com.guillermomolina.protos.execution.ProtosStandardTextReaderProtocolTest,6,0,0,0,0.018
com.guillermomolina.protos.execution.ProtosTestToolI8D4BResourcefulAttemptBridgeTest,6,0,0,0,0.018
com.guillermomolina.protos.documentation.ProtosDocumentationModelTest,8,0,0,0,0.017
com.guillermomolina.protos.execution.ProtosCapturedFilesystemCustodyTest,3,0,0,0,0.017
com.guillermomolina.protos.execution.ProtosCsvModuleTest,2,0,0,0,0.017
com.guillermomolina.protos.execution.ProtosI068Slice5CapturedMaterializedLexicalLoweringTest,12,0,0,0,0.017
com.guillermomolina.protos.execution.ProtosStandardBufferedByteIoPlacementTest,7,0,0,0,0.017
com.guillermomolina.protos.execution.ProtosTestToolI8D3RootActorResourceBundleTest,6,0,0,0,0.017
com.guillermomolina.protos.execution.ProtosTestToolLogicalCasePlanTest,2,0,0,0,0.017
com.guillermomolina.protos.execution.ProtosWorkspacePackageDependencyRoutingTest,4,0,0,0,0.017
com.guillermomolina.protos.lsp.ProtosLanguageServerFoundationTest,6,0,0,0,0.017
com.guillermomolina.protos.runtime.ProtosGuardedLookupTest,19,0,0,1,0.017
com.guillermomolina.protos.execution.ProtosFilesystemIntegratedConformanceTest,6,0,0,0,0.016
com.guillermomolina.protos.execution.ProtosForeignProviderLifecycleTest,17,0,0,0,0.016
com.guillermomolina.protos.execution.ProtosNioHostIoPollerTest,5,0,0,0,0.016
com.guillermomolina.protos.execution.ProtosPlat029FutureValueNonTaskCPrimeTest,4,0,0,0,0.016
com.guillermomolina.protos.execution.ProtosStandardByteIoDurabilityProtocolTest,6,0,0,0,0.016
com.guillermomolina.protos.execution.ProtosStandardLibraryModuleResolverTest,9,0,0,0,0.016
com.guillermomolina.protos.execution.ProtosTestToolDiscoveryImportedModuleTest,1,0,0,0,0.016
com.guillermomolina.protos.runtime.ProtosFilesystemOpenFlowTest,8,0,0,0,0.016
com.guillermomolina.protos.execution.ProtosAPlusExecutionProjectionTest,4,0,0,0,0.015
com.guillermomolina.protos.execution.ProtosNetworkConnectAcquisitionTest,7,0,0,0,0.015
com.guillermomolina.protos.execution.ProtosNioReadOnlyTreeFilesystemBackendTest,3,0,0,0,0.015
com.guillermomolina.protos.execution.ProtosPerf006Plat031BufferedWriterCPrimeTest,5,0,0,0,0.015
com.guillermomolina.protos.execution.ProtosStandardFilesystemProtocolTest,7,0,0,0,0.015
com.guillermomolina.protos.execution.ProtosCollectionsSetModuleTest,2,0,0,0,0.014
com.guillermomolina.protos.execution.ProtosDirectionalShutdownTest,4,0,0,0,0.014
com.guillermomolina.protos.execution.ProtosNetworkingIpEndpointsModuleTest,2,0,0,0,0.014
com.guillermomolina.protos.execution.ProtosPerf006B6A5ModuleInitializationCPrimeBridgeTest,5,0,0,0,0.014
com.guillermomolina.protos.execution.ProtosPerf006Plat028IdentityMapEachCallbackTest,4,0,0,0,0.014
com.guillermomolina.protos.execution.ProtosPerf013SliceB2MaterializedCapturedWriteTest,13,0,0,0,0.014
com.guillermomolina.protos.execution.ProtosStandaloneHostedSessionLifecycleTest,3,0,0,0,0.014
com.guillermomolina.protos.execution.ProtosStandardFileProtocolTest,7,0,0,0,0.014
com.guillermomolina.protos.execution.ProtosTcpListenerAcceptTest,6,0,0,0,0.014
com.guillermomolina.protos.execution.ProtosUriModuleTest,1,0,0,0,0.014
com.guillermomolina.protos.runtime.ProtosActorGroupCommunicationTest,6,0,0,0,0.014
com.guillermomolina.protos.runtime.ProtosFilesystemNamespaceMutationFlowTest,6,0,0,0,0.014
com.guillermomolina.protos.execution.ProtosI050MultipleSlotCreationTest,4,0,0,0,0.013
com.guillermomolina.protos.execution.ProtosNetworkBootstrapAuthorityTest,4,0,0,0,0.013
com.guillermomolina.protos.execution.ProtosObjectMatchProtocolTest,3,0,0,0,0.013
com.guillermomolina.protos.execution.ProtosPerf006B4BNonLocalReturnTest,5,0,0,0,0.013
com.guillermomolina.protos.execution.ProtosPerf006B6A4OrdinaryNativeFastPathTest,5,0,0,0,0.013
com.guillermomolina.protos.execution.ProtosPerf025FrameMaterializationSliceTest,10,0,0,0,0.013
com.guillermomolina.protos.execution.ProtosSemanticTransferFamilyTest,13,0,0,0,0.013
com.guillermomolina.protos.execution.ProtosWorkspacePackageSourceLookupTest,7,0,0,0,0.013
com.guillermomolina.protos.lsp.ProtosLanguageServerWorkspaceSymbolsTest,5,0,0,0,0.013
com.guillermomolina.protos.cli.ProtosTestToolStdoutCompletionTest,2,0,0,0,0.012
com.guillermomolina.protos.execution.ProtosA4B3ProductionEntryArchitectureTest,2,0,0,0,0.012
com.guillermomolina.protos.execution.ProtosCollectionsArrayReduceSortModuleTest,1,0,0,0,0.012
com.guillermomolina.protos.execution.ProtosCollectionsSetAlgebraModuleTest,1,0,0,0,0.012
com.guillermomolina.protos.execution.ProtosInvalidSuperExecutionTest,5,0,0,0,0.012
com.guillermomolina.protos.execution.ProtosPerf013SliceB1MaterializedCapturedReadTest,11,0,0,0,0.012
com.guillermomolina.protos.execution.ProtosPlat029IoOperationCPrimeDriverTest,3,0,0,0,0.012
com.guillermomolina.protos.execution.ProtosTcpListenerLifecycleTest,5,0,0,0,0.012
com.guillermomolina.protos.execution.ProtosTestToolFutureFreshInspectionFixtureSuiteTest,2,0,0,0,0.012
com.guillermomolina.protos.lsp.ProtosWorkspaceSymbolSearchTest,4,0,0,0,0.012
com.guillermomolina.protos.runtime.ProtosProcessStandardStreamBindingTest,5,0,0,0,0.012
com.guillermomolina.protos.cli.ProtosCliPolyglotRoutingArchitectureTest,1,0,0,0,0.011
com.guillermomolina.protos.conformance.ProtosFilesystemTreeSurfaceConformanceTest,2,0,0,0,0.011
com.guillermomolina.protos.execution.ProtosCommandLineModuleTest,1,0,0,0,0.011
com.guillermomolina.protos.execution.ProtosDetachedExecutionValueCrossPreludeTest,3,0,0,0,0.011
com.guillermomolina.protos.execution.ProtosPerf006B6A1ReadOnlyCanonicalCoverageTest,4,0,0,0,0.011
com.guillermomolina.protos.execution.ProtosPerf006B6A3BClosureLiteralCanonicalCoverageTest,4,0,0,0,0.011
com.guillermomolina.protos.execution.ProtosPolyglotNestedCallTargetSharingTest,4,0,0,0,0.011
com.guillermomolina.protos.execution.ProtosStandardByteIoProtocolTest,4,0,0,0,0.011
com.guillermomolina.protos.execution.ProtosStandardBytesProtocolTest,4,0,0,0,0.011
com.guillermomolina.protos.execution.ProtosTestToolLogicalCaseMigrationTest,1,0,0,0,0.011
com.guillermomolina.protos.execution.ProtosTestToolStalledCaseReporterTest,12,0,0,0,0.011
com.guillermomolina.protos.runtime.ProtosFilesystemTreeObservationFlowTest,5,0,0,0,0.011
com.guillermomolina.protos.runtime.ProtosPlat029IoOperationRunnableSeamTest,4,0,0,0,0.011
com.guillermomolina.protos.execution.ProtosMapConstructionFPrimeProtocolTest,3,0,0,0,0.01
com.guillermomolina.protos.execution.ProtosPackageToolFilesystemSecurityTest,3,0,0,0,0.01
com.guillermomolina.protos.execution.ProtosPerf006B2D4BComposedSendReceiverTest,7,0,0,0,0.01
com.guillermomolina.protos.execution.ProtosPerf006Plat028MapEachCallbackTest,3,0,0,0,0.01
com.guillermomolina.protos.execution.ProtosPerf006Plat029TextReaderCallbackTest,3,0,0,0,0.01
com.guillermomolina.protos.execution.ProtosPerf006Plat031BufferedReaderCPrimeTest,3,0,0,0,0.01
com.guillermomolina.protos.execution.ProtosProjectFileBindingProviderTest,6,0,0,0,0.01
com.guillermomolina.protos.execution.ProtosStandardPathProtocolTest,4,0,0,0,0.01
com.guillermomolina.protos.lsp.ProtosLanguageServerReferencesTest,3,0,0,0,0.01
com.guillermomolina.protos.runtime.ProtosGroupRemoteTransportTest,4,0,0,0,0.01
com.guillermomolina.protos.runtime.ProtosProcessStandardStreamEncodingTest,5,0,0,0,0.01
com.guillermomolina.protos.execution.ProtosCanonicalInitialModuleExecutionTest,3,0,0,0,0.009
com.guillermomolina.protos.execution.ProtosMatcherHelpersBootstrapTest,1,0,0,0,0.009
com.guillermomolina.protos.execution.ProtosPerf006B2D3BSelectedStandardObjectCallIntrinsicTest,7,0,0,0,0.009
com.guillermomolina.protos.execution.ProtosPerf006B2D5BBodySendSpreadTest,7,0,0,0,0.009
com.guillermomolina.protos.execution.ProtosPerf006Plat028EnvironmentEachCallbackTest,3,0,0,0,0.009
com.guillermomolina.protos.execution.ProtosTestToolI8D4ATerminalAttemptEnvelopeTest,4,0,0,0,0.009
com.guillermomolina.protos.execution.ProtosTestToolLogicalCaseResultTest,1,0,0,0,0.009
com.guillermomolina.protos.runtime.ProtosActorRemoteTransportTest,5,0,0,0,0.009
com.guillermomolina.protos.runtime.ProtosNetworkCapabilityTransferTest,4,0,0,0,0.009
com.guillermomolina.protos.runtime.ProtosTcpListenerFoundationTest,4,0,0,0,0.009
com.guillermomolina.protos.execution.ProtosArrayConformanceCompletionTest,2,0,0,0,0.008
com.guillermomolina.protos.execution.ProtosCoreErrorInfrastructureTest,2,0,0,0,0.008
com.guillermomolina.protos.execution.ProtosDiagnosticRootIdentityTest,6,0,0,0,0.008
com.guillermomolina.protos.execution.ProtosPerf006B2D3AOrdinaryObjectCallProtocolTest,4,0,0,0,0.008
com.guillermomolina.protos.execution.ProtosPerf006B2D5CDefaultSpreadTest,7,0,0,0,0.008
com.guillermomolina.protos.execution.ProtosPerf006Plat028BooleanCallbackTest,3,0,0,0,0.008
com.guillermomolina.protos.execution.ProtosStandardIntegerArithmeticTest,4,0,0,0,0.008
com.guillermomolina.protos.execution.ProtosWorkspacePackageModuleResolverTest,4,0,0,0,0.008
com.guillermomolina.protos.runtime.ProtosActorExecutionDomainTest,19,0,0,0,0.008
com.guillermomolina.protos.runtime.ProtosProcessCapabilityTransferTest,5,0,0,0,0.008
com.guillermomolina.protos.runtime.ProtosProcessRuntimeTest,6,0,0,0,0.008
com.guillermomolina.protos.cli.ProtosTestToolFileSelectionWiringTest,1,0,0,0,0.007
com.guillermomolina.protos.execution.ProtosA4B3ModuleProcessHostingTest,3,0,0,0,0.007
com.guillermomolina.protos.execution.ProtosBundledToolModuleResolverTest,3,0,0,0,0.007
com.guillermomolina.protos.execution.ProtosDerivedInequalityBackendTest,3,0,0,0,0.007
com.guillermomolina.protos.execution.ProtosDirectFileModuleResolverTest,6,0,0,0,0.007
com.guillermomolina.protos.execution.ProtosI026EDebuggerIntegrationTest,2,0,0,0,0.007
com.guillermomolina.protos.execution.ProtosMapConstructionFPrimeBytecodeFoundationTest,3,0,0,0,0.007
com.guillermomolina.protos.execution.ProtosParallelPolyglotContextRoutingTest,1,0,0,0,0.007
com.guillermomolina.protos.execution.ProtosPerf006B2D4AComposedCallTargetTest,7,0,0,0,0.007
com.guillermomolina.protos.execution.ProtosPerf006B3CSuspensionCapableNativeLeafTest,5,0,0,0,0.007
com.guillermomolina.protos.execution.ProtosPerf006Plat028ArrayEachCallbackTest,2,0,0,0,0.007
com.guillermomolina.protos.execution.ProtosPerf012FrameLexicalLayoutTest,8,0,0,0,0.007
com.guillermomolina.protos.execution.ProtosPerf014DirectClosureCallSpecializationTest,8,0,0,0,0.007
com.guillermomolina.protos.execution.ProtosPolymorphicInvocationTest,3,0,0,0,0.007
com.guillermomolina.protos.execution.ProtosStandaloneProcessBootstrapTest,3,0,0,0,0.007
com.guillermomolina.protos.execution.ProtosTcpConnectionIntegratedConformanceTest,2,0,0,0,0.007
com.guillermomolina.protos.execution.ProtosTcpListenerIntegratedConformanceTest,2,0,0,0,0.007
com.guillermomolina.protos.execution.ProtosTestToolI8D2ProviderTransactionTest,8,0,0,0,0.007
com.guillermomolina.protos.runtime.ProtosActorGroupAcquisitionTest,3,0,0,0,0.007
com.guillermomolina.protos.runtime.ProtosByteIoFirstEffectGateTest,3,0,0,0,0.007
com.guillermomolina.protos.runtime.ProtosPerf006B6A6A3ActorGroupLifecycleIntegrationTest,1,0,0,0,0.007
com.guillermomolina.protos.runtime.ProtosRepresentedValueInteropCoverageTest,2,0,0,0,0.007
com.guillermomolina.protos.runtime.ProtosRepresentedValueLookupTest,5,0,0,0,0.007
com.guillermomolina.protos.runtime.ProtosTcpConnectionFoundationTest,4,0,0,0,0.007
com.guillermomolina.protos.analysis.ProtosSourceLayoutViewTest,11,0,0,0,0.006
com.guillermomolina.protos.cli.ProtosDiagnosticInspectorTest,10,0,0,0,0.006
com.guillermomolina.protos.execution.ProtosForeignProviderRegistryTest,7,0,0,0,0.006
com.guillermomolina.protos.execution.ProtosI068Slice4SequentialParameterLoweringTest,7,0,0,0,0.006
com.guillermomolina.protos.execution.ProtosI068Slice6DebuggerReflectionProjectionTest,4,0,0,0,0.006
com.guillermomolina.protos.execution.ProtosI068Slice7ActivationLexicalDecompositionTest,5,0,0,0,0.006
com.guillermomolina.protos.execution.ProtosModuleSourceIdentityTest,6,0,0,0,0.006
com.guillermomolina.protos.execution.ProtosNioConfinedFilesystemBackendTest,9,0,0,0,0.006
com.guillermomolina.protos.execution.ProtosNonLocalReturnTest,1,0,0,0,0.006
com.guillermomolina.protos.execution.ProtosPerf006B2D5ABodyCallSpreadTest,7,0,0,0,0.006
com.guillermomolina.protos.execution.ProtosPerf006B3DTopLevelTaskPublicationTest,5,0,0,0,0.006
com.guillermomolina.protos.execution.ProtosPerf006Plat028BytesEachCallbackTest,2,0,0,0,0.006
com.guillermomolina.protos.execution.ProtosPerf010APreparedTargetSpecializationTest,6,0,0,0,0.006
com.guillermomolina.protos.execution.ProtosPlat036Slice3FrameBackedCurrentLocalTest,8,0,0,0,0.006
com.guillermomolina.protos.execution.ProtosPolyglotProcessHostingTest,5,0,0,0,0.006
com.guillermomolina.protos.execution.ProtosStandardEnvironmentProtocolTest,2,0,0,0,0.006
com.guillermomolina.protos.execution.ProtosStandardFilesystemTreeMaterializationTest,2,0,0,0,0.006
com.guillermomolina.protos.execution.ProtosTcpConnectionEndpointObservationTest,2,0,0,0,0.006
com.guillermomolina.protos.execution.ProtosWorkspaceMemberLocationTraversalTest,5,0,0,0,0.006
com.guillermomolina.protos.execution.ProtosWorkspacePackageSourceInventoryTest,5,0,0,0,0.006
com.guillermomolina.protos.runtime.ProtosObjectValueTest,17,0,0,0,0.006
com.guillermomolina.protos.runtime.ProtosProcessArgumentsSnapshotTest,5,0,0,0,0.006
com.guillermomolina.protos.cli.ProtosCli008DDiagnosticReconciliationTest,6,0,0,0,0.005
com.guillermomolina.protos.documentation.ProtosDocumentationJsonTest,3,0,0,0,0.005
com.guillermomolina.protos.execution.ProtosAsyncProcessSnapshotExecutionFacilityTest,1,0,0,0,0.005
com.guillermomolina.protos.execution.ProtosBug018CapturedMaterializedReadAfterOwnerTierTransitionTest,3,0,0,0,0.005
com.guillermomolina.protos.execution.ProtosEncodingTransferTest,2,0,0,0,0.005
com.guillermomolina.protos.execution.ProtosExactExternalPackageIdentityTest,5,0,0,0,0.005
com.guillermomolina.protos.execution.ProtosI026EScopeTest,6,0,0,0,0.005
com.guillermomolina.protos.execution.ProtosPerf006B2C3B2SimpleDefaultBindingTest,4,0,0,0,0.005
com.guillermomolina.protos.execution.ProtosPerf006B3BTaskBytecodeCompositionTest,4,0,0,0,0.005
com.guillermomolina.protos.execution.ProtosPerf006B5BSourceInstrumentationLocationTest,2,0,0,0,0.005
com.guillermomolina.protos.execution.ProtosPerf013SliceASharedLexicalRootGroupingTest,4,0,0,0,0.005
com.guillermomolina.protos.execution.ProtosPerf025D179LexicalMembershipStabilityReadTest,3,0,0,0,0.005
com.guillermomolina.protos.execution.ProtosWorkspacePackageProjectIndexTest,4,0,0,0,0.005
com.guillermomolina.protos.execution.ProtosWorkspacePackageStandardDelegationTest,3,0,0,0,0.005
com.guillermomolina.protos.lsp.ProtosLanguageServerDocumentSymbolsTest,3,0,0,0,0.005
com.guillermomolina.protos.execution.ProtosA4B3NestedToolProcessHostingTest,1,0,0,0,0.004
com.guillermomolina.protos.execution.ProtosActorPolyglotContextRoutingTest,2,0,0,0,0.004
com.guillermomolina.protos.execution.ProtosExternalPackageModuleKeyTest,7,0,0,0,0.004
com.guillermomolina.protos.execution.ProtosLm009DDebugRuntimeHostTest,6,0,0,0,0.004
com.guillermomolina.protos.execution.ProtosMathIntegerModuleTest,1,0,0,0,0.004
com.guillermomolina.protos.execution.ProtosPackageContentIdentityV1ConformanceTest,6,0,0,0,0.004
com.guillermomolina.protos.execution.ProtosPerf006B2AClosureActivationTest,5,0,0,0,0.004
com.guillermomolina.protos.execution.ProtosPerf006B2C3B1ActivationRootSeamTest,3,0,0,0,0.004
com.guillermomolina.protos.execution.ProtosPerf006B2D2NestedArgumentCompositionTest,3,0,0,0,0.004
com.guillermomolina.protos.execution.ProtosPerf006C3FLifecycleReleaseCarrierTest,1,0,0,0,0.004
com.guillermomolina.protos.execution.ProtosPerf013SliceA3ObjectBodyHelperSharedGroupingTest,3,0,0,0,0.004
com.guillermomolina.protos.execution.ProtosProcessSnapshotExecutionTest,1,0,0,0,0.004
com.guillermomolina.protos.execution.ProtosProcessStandardStreamParallelTransferTest,1,0,0,0,0.004
com.guillermomolina.protos.execution.ProtosSourceReadabilityAuthorityTest,4,0,0,0,0.004
com.guillermomolina.protos.execution.ProtosStandardArrayFactoryTest,1,0,0,0,0.004
com.guillermomolina.protos.execution.ProtosStandardMapProtocolTest,1,0,0,0,0.004
com.guillermomolina.protos.execution.ProtosWorkspacePackageDirectoryIndexTest,4,0,0,0,0.004
com.guillermomolina.protos.lsp.ProtosLanguageServerDefinitionTest,3,0,0,0,0.004
com.guillermomolina.protos.lsp.ProtosLanguageServerDiagnosticsTest,3,0,0,0,0.004
com.guillermomolina.protos.parser.ProtosGrammarSurfaceNegativeFixtureTest,2,0,0,0,0.004
com.guillermomolina.protos.parser.ProtosParserClosureTest,11,0,0,0,0.004
com.guillermomolina.protos.runtime.ProtosActorIdentityLifecycleTest,12,0,0,0,0.004
com.guillermomolina.protos.runtime.ProtosEnvironmentSnapshotTest,4,0,0,0,0.004
com.guillermomolina.protos.runtime.ProtosFilesystemTransferTest,2,0,0,0,0.004
com.guillermomolina.protos.runtime.ProtosGroupRefPublicApiTest,2,0,0,0,0.004
com.guillermomolina.protos.runtime.ProtosIntegralInteropTest,6,0,0,0,0.004
com.guillermomolina.protos.runtime.ProtosPerf006B3ATaskContinuationPublicationTest,6,0,0,0,0.004
com.guillermomolina.protos.runtime.ProtosPerf006B6A6A2TaskTerminalLifecycleTest,5,0,0,0,0.004
com.guillermomolina.protos.semantic.CanonicalizerFoundationTest,5,0,0,0,0.004
com.guillermomolina.protos.analysis.ProtosStaticAnalysisSessionTest,6,0,0,0,0.003
com.guillermomolina.protos.analysis.ProtosStaticReferencesTest,6,0,0,0,0.003
com.guillermomolina.protos.execution.CanonicalMemberReadExecutionTest,4,0,0,0,0.003
com.guillermomolina.protos.execution.ProtosClosureInvokerTest,3,0,0,0,0.003
com.guillermomolina.protos.execution.ProtosEnvironmentParallelTransferTest,1,0,0,0,0.003
com.guillermomolina.protos.execution.ProtosFilesystemParallelTransferTest,1,0,0,0,0.003
com.guillermomolina.protos.execution.ProtosHostResourceCloseTest,3,0,0,0,0.003
com.guillermomolina.protos.execution.ProtosI075DLexicalAuthorityCurrentBytecodeNodeTest,2,0,0,0,0.003
com.guillermomolina.protos.execution.ProtosIdentityMapConformanceTest,2,0,0,0,0.003
com.guillermomolina.protos.execution.ProtosNumericPrototypeBridgeTest,1,0,0,0,0.003
com.guillermomolina.protos.execution.ProtosPerf006B1BytecodeLiteralSequenceTest,4,0,0,0,0.003
com.guillermomolina.protos.execution.ProtosPerf006B2BClosureContinuationCompositionTest,3,0,0,0,0.003
com.guillermomolina.protos.execution.ProtosPerf006B2C1SinglePositionalBindingTest,2,0,0,0,0.003
com.guillermomolina.protos.execution.ProtosPerf006B2C2GeneralPositionalArityTest,3,0,0,0,0.003
com.guillermomolina.protos.execution.ProtosPerf006B2C3ARestBindingTest,3,0,0,0,0.003
com.guillermomolina.protos.execution.ProtosPerf006B2C3B3CallSendDefaultBindingTest,2,0,0,0,0.003
com.guillermomolina.protos.execution.ProtosPerf006B2D1OrdinarySendCompositionTest,3,0,0,0,0.003
com.guillermomolina.protos.execution.ProtosPerf006B4ATransferSubstrateTest,4,0,0,0,0.003
com.guillermomolina.protos.execution.ProtosPerf006C3DParallelBytecodeRematerializationTest,1,0,0,0,0.003
com.guillermomolina.protos.execution.ProtosPerf013SliceA2DefaultClosureSharedLexicalRootGroupingTest,2,0,0,0,0.003
com.guillermomolina.protos.execution.ProtosStandardBooleanProtocolTest,1,0,0,0,0.003
com.guillermomolina.protos.execution.ProtosStandardFloatArithmeticTest,1,0,0,0,0.003
com.guillermomolina.protos.execution.ProtosStandardNumberEqualityTest,1,0,0,0,0.003
com.guillermomolina.protos.execution.ProtosTestToolI8D1ProviderFoundationTest,6,0,0,0,0.003
com.guillermomolina.protos.execution.ProtosTomlClosureConformanceTest,2,0,0,0,0.003
com.guillermomolina.protos.execution.ProtosWorkspaceExactDirectoryLookupTest,3,0,0,0,0.003
com.guillermomolina.protos.execution.ProtosWorkspacePackageModuleKeyTest,4,0,0,0,0.003
com.guillermomolina.protos.lexer.ProtosLexerSourceSpanTest,4,0,0,0,0.003
com.guillermomolina.protos.parser.ProtosParserObjectExpressionTest,7,0,0,0,0.003
com.guillermomolina.protos.parser.ProtosParserPostfixFoundationTest,12,0,0,0,0.003
com.guillermomolina.protos.runtime.ProtosActorGroupRoutingTest,5,0,0,0,0.003
com.guillermomolina.protos.runtime.ProtosAdditionalIndexedInteropTest,3,0,0,0,0.003
com.guillermomolina.protos.runtime.ProtosArrayInteropTest,7,0,0,0,0.003
com.guillermomolina.protos.runtime.ProtosDynamicControlStateTest,7,0,0,0,0.003
com.guillermomolina.protos.runtime.ProtosFloatInteropTest,7,0,0,0,0.003
com.guillermomolina.protos.runtime.ProtosObjectInteropTest,3,0,0,0,0.003
com.guillermomolina.protos.runtime.ProtosPerf025IdentityMapSnapshotGenerationTest,4,0,0,0,0.003
com.guillermomolina.protos.semantic.CanonicalizerObjectTest,4,0,0,0,0.003
com.guillermomolina.protos.semantic.CanonicalizerSlotWriteTest,5,0,0,0,0.003
com.guillermomolina.protos.analysis.ProtosProjectBindingTest,5,0,0,0,0.002
com.guillermomolina.protos.analysis.ProtosStaticDefinitionsTest,8,0,0,0,0.002
com.guillermomolina.protos.execution.CanonicalBareSlotMutationExecutionTest,5,0,0,0,0.002
com.guillermomolina.protos.execution.CanonicalBindingAnalyzerTest,10,0,0,0,0.002
com.guillermomolina.protos.execution.CanonicalClosureMaterializationTest,4,0,0,0,0.002
com.guillermomolina.protos.execution.CanonicalCompositionExecutionTest,4,0,0,0,0.002
com.guillermomolina.protos.execution.CanonicalExplicitMemberMutationExecutionTest,4,0,0,0,0.002
com.guillermomolina.protos.execution.ProtosBug013FrameLexicalAuthorityMaterializationTest,1,0,0,0,0.002
com.guillermomolina.protos.execution.ProtosBug018FrameLexicalAuthorityReadAfterOwnerTierTransitionTest,1,0,0,0,0.002
com.guillermomolina.protos.execution.ProtosCoreSourceNamingArchitectureTest,2,0,0,0,0.002
com.guillermomolina.protos.execution.ProtosLanguageSourceParsingTest,1,0,0,0,0.002
com.guillermomolina.protos.execution.ProtosPerf006B5ABytecodeDebuggerScopeTest,3,0,0,0,0.002
com.guillermomolina.protos.execution.ProtosSourceCompilerTest,3,0,0,0,0.002
com.guillermomolina.protos.execution.ProtosSourceFileLoaderTest,2,0,0,0,0.002
com.guillermomolina.protos.execution.ProtosStandardEncodingProtocolTest,1,0,0,0,0.002
com.guillermomolina.protos.execution.ProtosStandardNumberOrderingProtocolTest,1,0,0,0,0.002
com.guillermomolina.protos.execution.ProtosWorkspacePackageModuleResolverBoundaryTest,1,0,0,0,0.002
com.guillermomolina.protos.parser.ProtosParserSlotAssignmentTest,8,0,0,0,0.002
com.guillermomolina.protos.parser.ProtosParserSourceFactsTest,5,0,0,0,0.002
com.guillermomolina.protos.parser.ProtosParserSuperSendTest,5,0,0,0,0.002
com.guillermomolina.protos.parser.ProtosParserTrailingClosureTest,5,0,0,0,0.002
com.guillermomolina.protos.runtime.ProtosActivationTest,7,0,0,0,0.002
com.guillermomolina.protos.runtime.ProtosActorDeliveryAdmissionTest,6,0,0,0,0.002
com.guillermomolina.protos.runtime.ProtosActorRefValueTest,6,0,0,0,0.002
com.guillermomolina.protos.runtime.ProtosArrayValueTest,4,0,0,0,0.002
com.guillermomolina.protos.runtime.ProtosExecutionContextValueTest,6,0,0,0,0.002
com.guillermomolina.protos.runtime.ProtosLexicalBindingAuthoritySeamTest,8,0,0,0,0.002
com.guillermomolina.protos.runtime.ProtosPerf025G1LazyTaskChildrenTest,5,0,0,0,0.002
com.guillermomolina.protos.runtime.ProtosPreludeTest,7,0,0,0,0.002
com.guillermomolina.protos.runtime.ProtosSimpleScalarInteropDisplayTest,4,0,0,0,0.002
com.guillermomolina.protos.runtime.ProtosStringValueTest,6,0,0,0,0.002
com.guillermomolina.protos.semantic.CanonicalizerCallTest,4,0,0,0,0.002
com.guillermomolina.protos.semantic.CanonicalizerClosureTest,4,0,0,0,0.002
com.guillermomolina.protos.semantic.CanonicalizerComparisonTest,3,0,0,0,0.002
com.guillermomolina.protos.semantic.CanonicalizerEqualityTest,4,0,0,0,0.002
com.guillermomolina.protos.semantic.CanonicalizerIndexTest,3,0,0,0,0.002
com.guillermomolina.protos.semantic.CanonicalizerIndexedAssignmentTest,2,0,0,0,0.002
com.guillermomolina.protos.semantic.CanonicalizerLazyBooleanTest,4,0,0,0,0.002
com.guillermomolina.protos.semantic.CanonicalizerMapConstructionTest,1,0,0,0,0.002
com.guillermomolina.protos.semantic.CanonicalizerReturnTest,2,0,0,0,0.002
com.guillermomolina.protos.semantic.CanonicalizerSpreadTest,3,0,0,0,0.002
com.guillermomolina.protos.semantic.CanonicalizerSuperSendTest,2,0,0,0,0.002
com.guillermomolina.protos.analysis.ProtosStaticAnalysisCoreTest,4,0,0,0,0.001
com.guillermomolina.protos.execution.CanonicalLookupExecutionTest,4,0,0,0,0.001
com.guillermomolina.protos.execution.CanonicalObjectExecutionTest,3,0,0,0,0.001
com.guillermomolina.protos.execution.ExtractedClosureBindingExecutionTest,2,0,0,0,0.001
com.guillermomolina.protos.execution.ProtosCoreContextSourceTest,1,0,0,0,0.001
com.guillermomolina.protos.execution.ProtosLanguageRegistrationTest,1,0,0,0,0.001
com.guillermomolina.protos.execution.ProtosPerf006C1OptimizingRuntimeClosureTest,3,0,0,0,0.001
com.guillermomolina.protos.execution.ProtosPerf025StringProofPreservationTest,2,0,0,0,0.001
com.guillermomolina.protos.execution.ProtosStandardNumericConversionTest,1,0,0,0,0.001
com.guillermomolina.protos.execution.ProtosTestToolActorGroupOwnershipArchitectureTest,2,0,0,0,0.001
com.guillermomolina.protos.execution.ProtosTestToolFileSelectionMainAdoptionTest,3,0,0,0,0.001
com.guillermomolina.protos.execution.ProtosTestToolHClosureReconciliationTest,1,0,0,0,0.001
com.guillermomolina.protos.execution.ProtosTestToolJClosureReconciliationTest,2,0,0,0,0.001
com.guillermomolina.protos.parser.ProtosBindingSurfaceNegativeFixtureTest,1,0,0,0,0.001
com.guillermomolina.protos.parser.ProtosParserArgumentLayoutTest,3,0,0,0,0.001
com.guillermomolina.protos.parser.ProtosParserEllipsisContinuationTest,3,0,0,0,0.001
com.guillermomolina.protos.parser.ProtosParserExpressionSeparatorTest,5,0,0,0,0.001
com.guillermomolina.protos.parser.ProtosParserFoundationTest,4,0,0,0,0.001
com.guillermomolina.protos.parser.ProtosParserMatchTest,3,0,0,0,0.001
com.guillermomolina.protos.parser.ProtosParserMemberContinuationTest,5,0,0,0,0.001
com.guillermomolina.protos.parser.ProtosParserNonLocalReturnTest,4,0,0,0,0.001
com.guillermomolina.protos.parser.ProtosParserStandardOperatorTest,4,0,0,0,0.001
com.guillermomolina.protos.runtime.ProtosActivationReceiverTest,2,0,0,0,0.001
com.guillermomolina.protos.runtime.ProtosActorProcessHostRoutingTest,1,0,0,0,0.001
com.guillermomolina.protos.runtime.ProtosBufferedByteIoPlat031FoundationTest,1,0,0,0,0.001
com.guillermomolina.protos.runtime.ProtosIntegerValueRepresentationTest,6,0,0,0,0.001
com.guillermomolina.protos.runtime.ProtosPerf019TargetedContinuationHandoffTest,2,0,0,0,0.001
com.guillermomolina.protos.runtime.ProtosPerf025ArraySnapshotGenerationTest,4,0,0,0,0.001
com.guillermomolina.protos.runtime.ProtosPerf025G2RootTaskBookkeepingTest,3,0,0,0,0.001
com.guillermomolina.protos.runtime.ProtosPerf025ObjectModelPayAsYouGrowTest,4,0,0,0,0.001
com.guillermomolina.protos.runtime.ProtosReturnHomeTest,2,0,0,0,0.001
com.guillermomolina.protos.runtime.ProtosSimpleScalarInteropTest,4,0,0,0,0.001
com.guillermomolina.protos.runtime.ProtosSlotLookupResultTest,3,0,0,0,0.001
com.guillermomolina.protos.semantic.CanonicalizerArithmeticTest,4,0,0,0,0.001
com.guillermomolina.protos.semantic.CanonicalizerIntrinsicTest,3,0,0,0,0.001
com.guillermomolina.protos.semantic.CanonicalizerLiteralKindTest,1,0,0,0,0.001
com.guillermomolina.protos.semantic.CanonicalizerUnaryTest,2,0,0,0,0.001
com.guillermomolina.protos.execution.ProtosPerf006C2PortableRuntimeReconciliationTest,1,0,0,0,0.0
com.guillermomolina.protos.parser.ProtosCallableSurfaceNegativeFixtureTest,1,0,0,0,0.0
com.guillermomolina.protos.parser.ProtosReceiverSuperSurfaceNegativeFixtureTest,1,0,0,0,0.0
com.guillermomolina.protos.runtime.ProtosClosureInvocationActivationTest,2,0,0,0,0.0
com.guillermomolina.protos.runtime.ProtosMethodHomeTest,1,0,0,0,0.0